SiteID,Site,Site_Code,Company,Customer,State,Location,Contact_Person,Contact_Number,Address,Maker,Checker,Status
"394","SG Palya '- Bangalore","Si_SG _00394","Aarde  Technosoft  Private Limited","Prop Tiger","Karnataka","Bengaluru","","","Bengaluru, Karnataka, India","","","Active"
"395","D'-12 Noida","Si_D'-1_00395","Aarde  Technosoft  Private Limited","Prop Tiger","Uttar Pradesh","Noida","","","Noida, Uttar Pradesh, India","","","Active"
"396","Sec 32 Gurgaon","Si_Sec_00396","Aarde  Technosoft  Private Limited","Prop Tiger","Haryana","Gurgaon","","","Sector 32, Gurugram, Haryana 122022, India","","","Active"
"422","Andheri '- Mumbai","Si_And_00422","Aarde  Technosoft  Private Limited","Prop Tiger","Maharashtra","Mumbai","Komal","","Andheri West, Mumbai, Maharashtra 400047, India","","","IN Active"
"362","Mumbai","Si_Mum_00362","Alcatel","Alcatel","Maharashtra","","","","","","","Active"
"363","Bangalore","Si_Ban_00363","Alcatel","Alcatel","Karnataka","","","","","","","Active"
"364","Chennai","Si_Che_00364","Alcatel","Alcatel","TamilNadu","","","","","","","Active"
"365","Ahmedabad","Si_Ahm_00365","Alcatel","Alcatel","Gujarat","","","","","","","Active"
"366","Hyderabad","Si_Hyd_00366","Alcatel","Alcatel","Andhra Pradesh","","","","","","","Active"
"367","Raipur","Si_Rai_00367","Alcatel","Alcatel","Chhattisgarh","","","","","","","Active"
"368","Bhopal","Si_Bho_00368","Alcatel","Alcatel","Madhya Pradesh","","","","","","","Active"
"369","Pune","Si_Pun_00369","Alcatel","Alcatel","Maharashtra","","","","","","","Active"
"370","Cyber Green '- Gurgaon","Si_Cyb_00370","Alcatel","Alcatel","Haryana","","","","","","","Active"
"371","Fortune Tower '- Gurgaon","Si_For_00371","Alcatel","Alcatel","Haryana","","","","","","","Active"
"372","Plot No. 25 '- Gurgaon","Si_Plo_00372","Alcatel","Alcatel","Haryana","","","","","","","Active"
"247","Noida","Si_Noi_00247","Calypto Design Systems (I) Pvt. Ltd.","Mentor Graphics Group","Uttar Pradesh","","Nidhi Saxena","9560888537","IGL Building  Sector 126 Noida  Uttar Pradesh 201301","","","Active"
"238","Mayur Vihar","Si_May_00238","Cars24 Services Private Limited","Cars24","Delhi","","","","Mayur Vihar Phase 1, New Delhi, Delhi 110091, India","","","Active"
"239","NineX City Mart Mall Gurgaon","Si_Nin_00239","Cars24 Services Private Limited","Cars24","Haryana","","","","","","","IN Active"
"405","Delhi Rangpuri","Si_Del_00405","Cars24 Services Private Limited","Cars24","Delhi","New Delhi","","","Rangpuri, New Delhi, Delhi, India","","","IN Active"
"175","Malviya Nagar New Delhi","Si_Mal_00175","Cars24 Services Private Limited","Cars24","Delhi","","","","Malviya Nagar, New Delhi, Delhi 110017, India","","","Active"
"176","Priya Enclave Delhi","Si_Pri_00176","Cars24 Services Private Limited","Cars24","Delhi","","","","Priya Enclave, Karkardooma, Anand Vihar, Delhi, India","","","Active"
"177","Lajpat Nagar'-2 New Delhi","Si_Laj_00177","Cars24 Services Private Limited","Cars24","Delhi","","","","","","","Active"
"178","Janak Puri New Delhi","Si_Jan_00178","Cars24 Services Private Limited","Cars24","Delhi","","","","Janakpuri, New Delhi, Delhi, India","","","Active"
"179","Chittaranjan Park","Si_Chi_00179","Cars24 Services Private Limited","Cars24","Delhi","","","","M'-34, Chittaranjan Park, Block C, Chittaranjan, New Delhi, Delhi 110019, India","","","Active"
"180","Shakti Nagar Delhi","Si_Sha_00180","Cars24 Services Private Limited","Cars24","Delhi","","","","Shakti Nagar, Delhi, 110007, India","","","Active"
"181","East Patel Nagar Delhi","Si_Eas_00181","Cars24 Services Private Limited","Cars24","Delhi","","","","","","","Active"
"182","Rohini New Delhi","Si_Roh_00182","Cars24 Services Private Limited","Cars24","Delhi","","","","Rohini, New Delhi, Delhi, India","","","Active"
"183","Dwarka New Delhi","Si_Dwa_00183","Cars24 Services Private Limited","Cars24","Delhi","","","","Dwarka, New Delhi, Delhi, India","","","Active"
"184","Pitampura","Si_Pit_00184","Cars24 Services Private Limited","Cars24","Delhi","","","","Pitampura, New Delhi, Delhi, India","","","Active"
"185","New Multan Nagar","Si_New_00185","Cars24 Services Private Limited","Cars24","Delhi","","","","New Multan Nagar, Shakurbasti, Delhi, 110063, India","","","Active"
"186","Vasant Kunj","Si_Vas_00186","Cars24 Services Private Limited","Cars24","Delhi","","","","Vasant Kunj, New Delhi, Delhi, India","","","Active"
"187","Sector'-44 Gurgaon","Si_Sec_00187","Cars24 Services Private Limited","Cars24","Haryana","","","","Sector 44, Gurugram, Haryana 122022, India","","","Active"
"188","Plot No '- 82","Si_Plo_00188","Cars24 Services Private Limited","Cars24","Haryana","","","","Gurugram, Haryana, India","","","Active"
"189","Tighra Village Gurgaon","Si_Tig_00189","Cars24 Services Private Limited","Cars24","Haryana","","","","Tigra, Sector 57, Gurugram, Haryana 122003, India","","","Active"
"190","DLF Phase'-2 Station Gurgaon","Si_DLF_00190","Cars24 Services Private Limited","Cars24","Haryana","","","","U Block, DLF Phase 2, Sector 25, Gurugram, Haryana 122002, India","","","Active"
"191","Railway Road Faridabad","Si_Rai_00191","Cars24 Services Private Limited","Cars24","Haryana","","","","Railway Rd, Railway Colony, New Industrial Town, Faridabad, Haryana 121001, India","","","Active"
"192","Pioneer Plaza","Si_Pio_00192","Cars24 Services Private Limited","Cars24","Haryana","","","","Gurugram, Haryana, India","","","Active"
"193","Domular Layout Bangalore","Si_Dom_00193","Cars24 Services Private Limited","Cars24","Karnataka","","","","","","","Active"
"194","Malleshwaram Bangalore","Si_Mal_00194","Cars24 Services Private Limited","Cars24","Karnataka","","","","Malleshwaram West, Bengaluru, Karnataka, India","","","Active"
"195","Banashankari Bangalore","Si_Ban_00195","Cars24 Services Private Limited","Cars24","Karnataka","","","","Banashankari, Bengaluru, Karnataka, India","","","Active"
"196","HBR Layout Bangalore","Si_HBR_00196","Cars24 Services Private Limited","Cars24","Karnataka","","","","HBR Layout, Bengaluru, Karnataka, India","","","Active"
"197","HSR Layout Bangalore","Si_HSR_00197","Cars24 Services Private Limited","Cars24","Karnataka","","","","HSR Layout, Bengaluru, Karnataka, India","","","Active"
"198","Bejai Mangalore","Si_Bej_00198","Cars24 Services Private Limited","Cars24","Karnataka","","","","Bejai, Mangaluru, Karnataka, India","","","Active"
"199","Electronic City Bangalore","Si_Ele_00199","Cars24 Services Private Limited","Cars24","Karnataka","","","","Electronic City, Bengaluru, Karnataka, India","","","Active"
"200","Yelahanka Bangalore","Si_Yel_00200","Cars24 Services Private Limited","Cars24","Karnataka","","","","Yelahanka, Bengaluru, Karnataka, India","","","Active"
"201","Bannerghatta","Si_Ban_00201","Cars24 Services Private Limited","Cars24","Karnataka","","","","Bannerughatta, Bengaluru, Karnataka 560083, India","","","Active"
"202","R.K. Puram Hobli Bangalore","Si_R.K_00202","Cars24 Services Private Limited","Cars24","Karnataka","","","","RK Puram, Gandhi Nagar, Bengaluru, Karnataka 560009, India","","","Active"
"203","Goregaon West Mumbai","Si_Gor_00203","Cars24 Services Private Limited","Cars24","Maharashtra","","","","Goregaon West, Mumbai, Maharashtra, India","","","Active"
"204","Bandra (West) Mumbai","Si_Ban_00204","Cars24 Services Private Limited","Cars24","Maharashtra","","","","Bandra West, Mumbai, Maharashtra, India","","","Active"
"205","Vashi Navi Mumbai","Si_Vas_00205","Cars24 Services Private Limited","Cars24","Maharashtra","","","","Vashi, Navi Mumbai, Maharashtra, India","","","Active"
"206","Heera Panna Mumbai","Si_Hee_00206","Cars24 Services Private Limited","Cars24","Maharashtra","","","","Shop No. 7/ A, Jai Mahal Building, Near Kings Shoe, Linking Road, Khar West, Mumbai, Maharashtra 400052, India","","","Active"
"207","Chembur Mumbai","Si_Che_00207","Cars24 Services Private Limited","Cars24","Maharashtra","","","","Chembur East, Mumbai, Maharashtra, India","","","Active"
"208","Worli Mumbai","Si_Wor_00208","Cars24 Services Private Limited","Cars24","Maharashtra","","","","Worli, Mumbai, Maharashtra, India","","","Active"
"209","Balewadi Pune","Si_Bal_00209","Cars24 Services Private Limited","Cars24","Maharashtra","","","","Balewadi, Pune, Maharashtra, India","","","Active"
"210","Borivali West Mumbai","Si_Bor_00210","Cars24 Services Private Limited","Cars24","Maharashtra","","","","Borivali West, Mumbai, Maharashtra, India","","","Active"
"211","Bhandup West Mumbai","Si_Bha_00211","Cars24 Services Private Limited","Cars24","Maharashtra","","","","Bhandup West, Mumbai, Maharashtra, India","","","Active"
"212","Uthalsar Thane","Si_Uth_00212","Cars24 Services Private Limited","Cars24","Maharashtra","","","","Uthalsar, Thane West, Thane, Maharashtra 400601, India","","","Active"
"213","Varsova","Si_Var_00213","Cars24 Services Private Limited","Cars24","Maharashtra","","","","Versova, Andheri West, Mumbai, Maharashtra, India","","","Active"
"214","Kharadi Pune","Si_Kha_00214","Cars24 Services Private Limited","Cars24","Maharashtra","","","","Kharadi, Pune, Maharashtra, India","","","Active"
"215","Viman Nagar Pune","Si_Vim_00215","Cars24 Services Private Limited","Cars24","Maharashtra","","","","Viman Nagar, Pune, Maharashtra, India","","","Active"
"216","Kandivali","Si_Kan_00216","Cars24 Services Private Limited","Cars24","Maharashtra","","","","","","","Active"
"217","S.A.S. Nagar Mohali","Si_S.A_00217","Cars24 Services Private Limited","Cars24","Punjab","","","","Sahibzada Ajit Singh Nagar, Punjab, India","","","Active"
"218","Vaishali Nagar Jaipur","Si_Vai_00218","Cars24 Services Private Limited","Cars24","Rajasthan","","","","Vaishali Nagar, Jaipur, Rajasthan, India","","","Active"
"219","Jubilee Hills Hyderabad","Si_Jub_00219","Cars24 Services Private Limited","Cars24","Telangana","","","","","","","Active"
"220","Somajiguda Hyderabad","Si_Som_00220","Cars24 Services Private Limited","Cars24","Telangana","","","","Somajiguda, Hyderabad, Telangana, India","","","Active"
"221","Gachibowli Hyderabad","Si_Gac_00221","Cars24 Services Private Limited","Cars24","Telangana","","","","Gachibowli, Hyderabad, Telangana, India","","","Active"
"222","Habsiguda Hyderabad","Si_Hab_00222","Cars24 Services Private Limited","Cars24","Telangana","","","","Habsiguda, Hyderabad, Telangana, India","","","Active"
"223","Malakpet Hyderabad","Si_Mal_00223","Cars24 Services Private Limited","Cars24","Telangana","","","","","","","Active"
"224","Kavuri Hills","Si_Kav_00224","Cars24 Services Private Limited","Cars24","Telangana","","","","","","","Active"
"225","kukatpally","Si_kuk_00225","Cars24 Services Private Limited","Cars24","Telangana","","","","Kukatpally, Hyderabad, Telangana, India","","","Active"
"226","Sector'-3 Noida","Si_Sec_00226","Cars24 Services Private Limited","Cars24","Uttar Pradesh","","","","Sector 3, Noida, Uttar Pradesh 201301, India","","","Active"
"227","Ghaziabad","Si_Gha_00227","Cars24 Services Private Limited","Cars24","Uttar Pradesh","","","","Ghaziabad, Uttar Pradesh, India","","","Active"
"384","Gurgaon","Si_Gur_00384","Clifford chance Business Services Pvt. Ltd.","Clifford","Haryana","","","","Gurugram, Haryana, India","","","Active"
"26","Okhla D'-12 New Delhi","Si_Okh_00026","Dealskart Online Solutions Private Limited","Dealskart","Delhi","","","","","","","Active"
"27","Okhla C 57 3rd Floor New Delhi","Si_Okh_00027","Dealskart Online Solutions Private Limited","Dealskart","Delhi","","","","","","","Active"
"28","Alaknanda Market New Delhi","Si_Ala_00028","Dealskart Online Solutions Private Limited","Dealskart","Delhi","","","","","","","Active"
"29","Dwarka C394 New Delhi","Si_Dwa_00029","Dealskart Online Solutions Private Limited","Dealskart","Delhi","","","","","","","Active"
"30","Kamla Nagar New Delhi","Si_Kam_00030","Dealskart Online Solutions Private Limited","Dealskart","Delhi","","","","","","","Active"
"31","Mayur Vihar New Delhi","Si_May_00031","Dealskart Online Solutions Private Limited","Dealskart","Delhi","","","","","","","Active"
"32","Khan Market New Delhi","Si_Kha_00032","Dealskart Online Solutions Private Limited","Dealskart","Delhi","","","","","","","Active"
"33","Rohini New Delhi","Si_Roh_00033","Dealskart Online Solutions Private Limited","Dealskart","Delhi","","","","","","","Active"
"34","Lajpat Nagar New Delhi","Si_Laj_00034","Dealskart Online Solutions Private Limited","Dealskart","Delhi","","","","","","","Active"
"35","Janakpuri New Delhi","Si_Jan_00035","Dealskart Online Solutions Private Limited","Dealskart","Delhi","","","","","","","Active"
"36","CP New Delhi","Si_CP _00036","Dealskart Online Solutions Private Limited","Dealskart","Delhi","","","","","","","Active"
"37","Dwarka Sector 12 New Delhi","Si_Dwa_00037","Dealskart Online Solutions Private Limited","Dealskart","Delhi","","","","","","","Active"
"38","Rajouri Garden New Delhi","Si_Raj_00038","Dealskart Online Solutions Private Limited","Dealskart","Delhi","","","","","","","Active"
"39","Old Rajender Nagar New Delhi","Si_Old_00039","Dealskart Online Solutions Private Limited","Dealskart","Delhi","","","","","","","Active"
"40","New Model Town New Delhi","Si_New_00040","Dealskart Online Solutions Private Limited","Dealskart","Delhi","","","","","","","Active"
"41","Paschim Vihar New Delhi","Si_Pas_00041","Dealskart Online Solutions Private Limited","Dealskart","Delhi","","","","","","","Active"
"42","Satya Niketan New Delhi","Si_Sat_00042","Dealskart Online Solutions Private Limited","Dealskart","Delhi","","","","","","","Active"
"43","Elante Mall Chandigarh","Si_Ela_00043","Dealskart Online Solutions Private Limited","Dealskart","Chandigarh","","","","","","","Active"
"44","13th Floor Vatika","Si_13t_00044","Dealskart Online Solutions Private Limited","Dealskart","Haryana","","","","","","","Active"
"45","Metropoliton Mall","Si_Met_00045","Dealskart Online Solutions Private Limited","Dealskart","Haryana","","","","","","","Active"
"46","Galleria Mall","Si_Gal_00046","Dealskart Online Solutions Private Limited","Dealskart","Haryana","","","","","","","Active"
"47","Sector 15 Store","Si_Sec_00047","Dealskart Online Solutions Private Limited","Dealskart","Haryana","","","","","","","Active"
"48","Sector 31 Store","Si_Sec_00048","Dealskart Online Solutions Private Limited","Dealskart","Haryana","","","","","","","Active"
"49","Mangal city indore","Si_Man_00049","Dealskart Online Solutions Private Limited","Dealskart","Madhya Pradesh","","","","","","","Active"
"50","whitefield PHOENIX MALL_BANGALORE","Si_whi_00050","Dealskart Online Solutions Private Limited","Dealskart","Karnataka","","","","","","","Active"
"51","Sarjapur(Bangalore)","Si_Sar_00051","Dealskart Online Solutions Private Limited","Dealskart","Karnataka","","","","","","","Active"
"52","Kumaraswamy_Bangalore Store","Si_Kum_00052","Dealskart Online Solutions Private Limited","Dealskart","Karnataka","","","","","","","Active"
"53","Kengeri_Bangalore","Si_Ken_00053","Dealskart Online Solutions Private Limited","Dealskart","Karnataka","","","","","","","Active"
"54","CMH Road Indiranagar","Si_CMH_00054","Dealskart Online Solutions Private Limited","Dealskart","Karnataka","","","","","","","Active"
"55","Koramanglam","Si_Kor_00055","Dealskart Online Solutions Private Limited","Dealskart","Karnataka","","","","","","","Active"
"56","Kurla West Mumbai","Si_Kur_00056","Dealskart Online Solutions Private Limited","Dealskart","Maharashtra","","","","","","","Active"
"57","Aundh '- Pune","Si_Aun_00057","Dealskart Online Solutions Private Limited","Dealskart","Maharashtra","","","","","","","Active"
"58","SV Road Mumbai","Si_SV _00058","Dealskart Online Solutions Private Limited","Dealskart","Maharashtra","","","","","","","Active"
"59","Bandra Mumbai","Si_Ban_00059","Dealskart Online Solutions Private Limited","Dealskart","Maharashtra","","","","","","","Active"
"60","Vashi Mumbai","Si_Vas_00060","Dealskart Online Solutions Private Limited","Dealskart","Maharashtra","","","","","","","Active"
"61","Thane '- Vasant Vihar","Si_Tha_00061","Dealskart Online Solutions Private Limited","Dealskart","Maharashtra","","","","","","","Active"
"62","Borivali_Mumbai","Si_Bor_00062","Dealskart Online Solutions Private Limited","Dealskart","Maharashtra","","","","","","","Active"
"63","STAR BAZZAR AURANGABAD","Si_STA_00063","Dealskart Online Solutions Private Limited","Dealskart","Maharashtra","","","","","","","Active"
"64","Orion Mall Mumbai","Si_Ori_00064","Dealskart Online Solutions Private Limited","Dealskart","Maharashtra","","","","","","","Active"
"65","Kharghar Navi Mumbai","Si_Kha_00065","Dealskart Online Solutions Private Limited","Dealskart","Maharashtra","","","","","","","Active"
"66","Chemburm Mumbai","Si_Che_00066","Dealskart Online Solutions Private Limited","Dealskart","Maharashtra","","","","","","","Active"
"67","Store'-Star Bazaar Pune","Si_Sto_00067","Dealskart Online Solutions Private Limited","Dealskart","Maharashtra","","","","","","","Active"
"68","Kay Vision","Si_Kay_00068","Dealskart Online Solutions Private Limited","Dealskart","Maharashtra","","","","","","","Active"
"69","Kempscorner_Mumbai","Si_Kem_00069","Dealskart Online Solutions Private Limited","Dealskart","Maharashtra","","","","","","","Active"
"70","Mahim_Mumbai Store","Si_Mah_00070","Dealskart Online Solutions Private Limited","Dealskart","Maharashtra","","","","","","","Active"
"71","Korum Mall","Si_Kor_00071","Dealskart Online Solutions Private Limited","Dealskart","Maharashtra","","","","","","","Active"
"72","Yerwada Pune","Si_Yer_00072","Dealskart Online Solutions Private Limited","Dealskart","Maharashtra","","","","","","","Active"
"73","Samajiguda","Si_Sam_00073","Dealskart Online Solutions Private Limited","Dealskart","Telangana","","","","","","","Active"
"74","Banjarahills","Si_Ban_00074","Dealskart Online Solutions Private Limited","Dealskart","Telangana","","","","","","","Active"
"75","Spencer?s Musheerabad(Hyderabad)","Si_Spe_00075","Dealskart Online Solutions Private Limited","Dealskart","Telangana","","","","","","","Active"
"76","Banjara Hills 2_Hyderabad Store","Si_Ban_00076","Dealskart Online Solutions Private Limited","Dealskart","Telangana","","","","","","","Active"
"77","Begumpet_HYD Store","Si_Beg_00077","Dealskart Online Solutions Private Limited","Dealskart","Telangana","","","","","","","Active"
"78","Champapet_HYD Store","Si_Cha_00078","Dealskart Online Solutions Private Limited","Dealskart","Telangana","","","","","","","Active"
"79","Begumpet_HYD ","Si_Beg_00079","Dealskart Online Solutions Private Limited","Dealskart","Telangana","","","","","","","Active"
"80","Noida Sec'-18","Si_Noi_00080","Dealskart Online Solutions Private Limited","Dealskart","Uttar Pradesh","","","","","","","Active"
"81","GIP Mall Noida","Si_GIP_00081","Dealskart Online Solutions Private Limited","Dealskart","Uttar Pradesh","","","","","","","Active"
"82","Indranagar UP","Si_Ind_00082","Dealskart Online Solutions Private Limited","Dealskart","Uttar Pradesh","","","","","","","Active"
"83","Noida_Sec'-50","Si_Noi_00083","Dealskart Online Solutions Private Limited","Dealskart","Uttar Pradesh","","","","","","","Active"
"84","Retrobee_IndiraNagar","Si_Ret_00084","Dealskart Online Solutions Private Limited","Dealskart","Uttar Pradesh","","","","","","","Active"
"85","Ansal Plaza Noida","Si_Ans_00085","Dealskart Online Solutions Private Limited","Dealskart","Uttar Pradesh","","","","","","","Active"
"86","Tollygunj kolkata","Si_Tol_00086","Dealskart Online Solutions Private Limited","Dealskart","West Bengal","","","","","","","Active"
"87","Store'-Spencer SIS Kolkata New Town","Si_Sto_00087","Dealskart Online Solutions Private Limited","Dealskart","West Bengal","","","","","","","Active"
"88","Camac Street Kolkata","Si_Cam_00088","Dealskart Online Solutions Private Limited","Dealskart","West Bengal","","","","","","","Active"
"89","Store'-Spencer SIS Mani Square kolkata","Si_Sto_00089","Dealskart Online Solutions Private Limited","Dealskart","West Bengal","","","","","","","Active"
"90","SaltLake_Kolkata","Si_Sal_00090","Dealskart Online Solutions Private Limited","Dealskart","West Bengal","","","","","","","Active"
"91","Srirampur_Kolkata Store","Si_Sri_00091","Dealskart Online Solutions Private Limited","Dealskart","West Bengal","","","","","","","Active"
"92","Uttapara_Kolkata Store","Si_Utt_00092","Dealskart Online Solutions Private Limited","Dealskart","West Bengal","","","","","","","Active"
"93","MG Road Kolkata","Si_MG _00093","Dealskart Online Solutions Private Limited","Dealskart","West Bengal","","","","","","","Active"
"94","Nagar Bazar_Kolkata Store","Si_Nag_00094","Dealskart Online Solutions Private Limited","Dealskart","West Bengal","","","","","","","Active"
"95","Shibpur_Kolkata Store","Si_Shi_00095","Dealskart Online Solutions Private Limited","Dealskart","West Bengal","","","","","","","Active"
"96","Tobin Road_Kolkata","Si_Tob_00096","Dealskart Online Solutions Private Limited","Dealskart","West Bengal","","","","","","","Active"
"97","Kharda_Kolkata Store","Si_Kha_00097","Dealskart Online Solutions Private Limited","Dealskart","West Bengal","","","","","","","Active"
"98","MadhaymGram_Kolkata Store","Si_Mad_00098","Dealskart Online Solutions Private Limited","Dealskart","West Bengal","","","","","","","Active"
"99","Newalipore_Kolkata Store","Si_New_00099","Dealskart Online Solutions Private Limited","Dealskart","West Bengal","","","","","","","Active"
"100","Surat Mall Gujrat","Si_Sur_00100","Dealskart Online Solutions Private Limited","Dealskart","Gujarat","","","","","","","Active"
"101","Baroda SIS","Si_Bar_00101","Dealskart Online Solutions Private Limited","Dealskart","Gujarat","","","","","","","Active"
"102","Store'-Star Bazar Ahamdabed","Si_Sto_00102","Dealskart Online Solutions Private Limited","Dealskart","Gujarat","","","","","","","Active"
"103","Mani Nagar Ahmedabad","Si_Man_00103","Dealskart Online Solutions Private Limited","Dealskart","Gujarat","","","","","","","Active"
"104","Gaurav Tower_Jaipur","Si_Gau_00104","Dealskart Online Solutions Private Limited","Dealskart","Rajasthan","","","","","","","Active"
"105","Kota Store","Si_Kot_00105","Dealskart Online Solutions Private Limited","Dealskart","Rajasthan","","","","","","","Active"
"106","Kodambakkam_Chennai","Si_Kod_00106","Dealskart Online Solutions Private Limited","Dealskart","TamilNadu","","","","","","","Active"
"107","Velachery(Chennai)","Si_Vel_00107","Dealskart Online Solutions Private Limited","Dealskart","TamilNadu","","","","","","","Active"
"108","Purasawalkam_Chennai","Si_Pur_00108","Dealskart Online Solutions Private Limited","Dealskart","TamilNadu","","","","Purasaiwakkam, Chennai, Tamil Nadu, India","","","Active"
"109","Tondiarpet_Chennai","Si_Ton_00109","Dealskart Online Solutions Private Limited","Dealskart","TamilNadu","","","","","","","Active"
"110","Ambattur OT_Chennai","Si_Amb_00110","Dealskart Online Solutions Private Limited","Dealskart","TamilNadu","","","","","","","Active"
"111","Ambattur Bus stand_Chennai","Si_Amb_00111","Dealskart Online Solutions Private Limited","Dealskart","TamilNadu","","","","","","","Active"
"112","Anna Nagar_Chennai","Si_Ann_00112","Dealskart Online Solutions Private Limited","Dealskart","TamilNadu","","","","","","","Active"
"113","ECR_Chennai Store","Si_ECR_00113","Dealskart Online Solutions Private Limited","Dealskart","TamilNadu","","","","","","","Active"
"114","Royapuram_Chennai Store","Si_Roy_00114","Dealskart Online Solutions Private Limited","Dealskart","TamilNadu","","","","","","","Active"
"115","RK Salai_Chennai","Si_RK _00115","Dealskart Online Solutions Private Limited","Dealskart","TamilNadu","","","","","","","Active"
"116","Jawahar Nagar_Chennai","Si_Jaw_00116","Dealskart Online Solutions Private Limited","Dealskart","TamilNadu","","","","","","","Active"
"117","Perumbakkam_Chennai","Si_Per_00117","Dealskart Online Solutions Private Limited","Dealskart","TamilNadu","","","","","","","Active"
"118","Tambaram West","Si_Tam_00118","Dealskart Online Solutions Private Limited","Dealskart","TamilNadu","","","","","","","Active"
"119","Telibandha Raipur","Si_Tel_00119","Dealskart Online Solutions Private Limited","Dealskart","Chhattisgarh","","","","","","","Active"
"448","Gurgaon2","","Demo Company","Mynd","Haryana","Gurgaon","","","","","","Active"
"449","Gurgaon3","","Demo Company","Mynd","Haryana","Gurgaon","","","","","","Active"
"450","Gurgaon6","","Demo Company","Mynd","Haryana","Gurgaon","","","","","","Active"
"451","Gurgaon4","","Demo Company","Mynd","Haryana","Gurgaon","","","","","","Active"
"452","Gurgaon5","","Demo Company","Mynd","Haryana","Gurgaon","","","","","","Active"
"453","Site_Code","Si_Sit_00453","Demo Company","Mynd","Telangana","Adilabad","","","","","","IN Active"
"313","Mumbai","Si_Mum_00313","Demo Company","Mynd","Maharashtra","","","","Bandra Mumbai","","","Active"
"314","Kolkata","Si_Kol_00314","Demo Company","Mynd","West Bengal","","","","Kolkata","","","Active"
"315","Chennai","Si_Che_00315","Demo Company","Mynd","TamilNadu","","","","Chennai","","","Active"
"316","Bengaluru","Si_Ben_00316","Demo Company","Mynd","Karnataka","","","","Bengaluru","","","Active"
"317","Hyderabad","Si_Hyd_00317","Demo Company","Mynd","Andhra Pradesh","","","","Hyderabad","","","Active"
"318","New Delhi","Si_New_00318","Demo Company","Mynd","Delhi","","","","New Delhi","","","Active"
"319","280 Gurgaon","Si_280_00319","Demo Company","Mynd","Haryana","","","","Udyog vihar Phase IV Gurgaon Haryana","","","Active"
"320","835 Gurgaon","Si_835_00320","Demo Company","Mynd","Haryana","","","","Udyog Vihar Phase V Gurgaon Haryana","","","Active"
"349","Test Site 15","Si_Tes_00349","Demo Company","Mynd","Delhi","","","","","","","Active"
"397","Ahmedabad","Si_Ahm_00397","Elara Marketing Services Pvt. Ltd.","Prop Tiger","Gujarat","Ahmedabad","","","Vishram Marg, Tarun Nagar Part 1, Tarun Nagar Part 2, Memnagar, Ahmedabad, Gujarat 380052, India","","","Active"
"398","1215 Kolkata","Si_121_00398","Elara Marketing Services Pvt. Ltd.","Prop Tiger","West Bengal","","","","DLF Galleria '- Unit 1215 Kolkata","","","IN Active"
"399","DLF Galleria Kolkata","Si_DLF_00399","Elara Marketing Services Pvt. Ltd.","Prop Tiger","West Bengal","Kolkata","","","Action Area I, Kolkata, West Bengal, India|Action Area I, New Town, BG Block(Newtown), Action Area I, Newtown, Kolkata, West Bengal 700156, India","","","Active"
"400","Chennai","Si_Che_00400","Elara Marketing Services Pvt. Ltd.","Prop Tiger","TamilNadu","Chennai","","","Chennai '- Nagapattinam Hwy, CIT Nagar West, CIT Nagar, Chennai, Tamil Nadu 600035, India","","","Active"
"401","Belapur '- Navi Mumbai","Si_Bel_00401","Elara Marketing Services Pvt. Ltd.","Prop Tiger","Maharashtra","Mumbai","","","Unit No. 401 Plot No. 3 Navi Mumbai","","","Active"
"402","Thane","Si_Tha_00402","Elara Marketing Services Pvt. Ltd.","Prop Tiger","Maharashtra","Thane","","","Thane, Maharashtra, India","","","Active"
"403","Hyderabad","Si_Hyd_00403","Elara Marketing Services Pvt. Ltd.","Prop Tiger","Telangana","Hyderabad","","","Madhapur, Hyderabad, Telangana, India","","","Active"
"404","Noida","Si_Noi_00404","Elara Marketing Services Pvt. Ltd.","Prop Tiger","Uttar Pradesh","Noida","","","Noida, Uttar Pradesh, India","","","Active"
"387","Bangalore","Si_Ban_00387","Elara Marketing Services Pvt. Ltd.","Prop Tiger","Karnataka","","","","Venkatadri 8 8A 2nd Floor Hosur Main Road Garvebhavi Palya ?Bangalore ?KA'-560068","","","IN Active"
"413","Aundh '- Pune","Si_Aun_00413","Elara Marketing Services Pvt. Ltd.","Prop Tiger","Maharashtra","Pune","Komal","","Aundh, Pune, Maharashtra, India","","","IN Active"
"414","Hosur Road '- Bangalore","Si_Hos_00414","Elara Marketing Services Pvt. Ltd.","Prop Tiger","Karnataka","Bengaluru","Komal","","NH 44, Garvebhavi Palya, Bengaluru, Karnataka 560068, India","","","Active"
"415","Chennai 2","Si_Che_00415","Elara Marketing Services Pvt. Ltd.","Prop Tiger","TamilNadu","Chennai","Komal","","","","","IN Active"
"416","Kalyani Nagar '- Pune","Si_Kal_00416","Elara Marketing Services Pvt. Ltd.","Prop Tiger","Maharashtra","Pune","Komal","","Kalyani Nagar, Pune, Maharashtra, India","","","IN Active"
"417","Kalyani Nagar 2 '- Pune","Si_Kal_00417","Elara Marketing Services Pvt. Ltd.","Prop Tiger","Maharashtra","Pune","Komal","","Kalyani Nagar, Pune, Maharashtra, India","","","IN Active"
"418","Runwal '- Mumbai","Si_Run_00418","Elara Marketing Services Pvt. Ltd.","Prop Tiger","Maharashtra","Mumbai","Komal","","Runwal Anthurium, Lal Bahadur Shastri Marg, Mulund West, Mumbai, Maharashtra 400080, India","","","IN Active"
"419","Sec 31 Gurgaon","Si_Sec_00419","Elara Marketing Services Pvt. Ltd.","Prop Tiger","Haryana","Gurgaon","Komal","","Sector 31, Gurugram, Haryana 122022, India","","","IN Active"
"420","Sec 32 Gurgaon","Si_Sec_00420","Elara Marketing Services Pvt. Ltd.","Prop Tiger","Haryana","Gurgaon","Komal","","Sector 32, Gurugram, Haryana 122022, India","","","Active"
"421","Thane 2 '- Mumbai","Si_Tha_00421","Elara Marketing Services Pvt. Ltd.","Prop Tiger","Maharashtra","Thane","Komal","","Thane, Maharashtra, India","","","IN Active"
"229","New Delhi","Si_New_00229","Fujifilm India Private Limited","Fujifilm","Delhi","","","","","","","Active"
"230","Gurgaon","Si_Gur_00230","Fujifilm India Private Limited","Fujifilm","Haryana","","","","","","","Active"
"231","Bangalore","Si_Ban_00231","Fujifilm India Private Limited","Fujifilm","Karnataka","","","","","","","Active"
"232","Zirakpur","Si_Zir_00232","Fujifilm India Private Limited","Fujifilm","Punjab","","","","","","","Active"
"233","Mumbai","Si_Mum_00233","Fujifilm India Private Limited","Fujifilm","Maharashtra","","","","","","","Active"
"234","Kolkata","Si_Kol_00234","Fujifilm India Private Limited","Fujifilm","West Bengal","","","","","","","Active"
"235","Chennai","Si_Che_00235","Fujifilm India Private Limited","Fujifilm","TamilNadu","","","","","","","Active"
"350","Mumbai","Si_Mum_00350","Genesys Telecom","Genesys","Maharashtra","","","","Mumbai, Maharashtra, India","","","Active"
"351","Bangalore","Si_Ban_00351","Genesys Telecom","Genesys","Karnataka","","","","Bengaluru, Karnataka, India","","","Active"
"352","Chennai","Si_Che_00352","Genesys Telecom","Genesys","TamilNadu","","","","Chennai, Tamil Nadu, India","","","Active"
"353","Gurgaon","Si_Gur_00353","Genesys Telecom","Genesys","Haryana","","","","Gurugram, Haryana, India","","","Active"
"342","Mumbai","Si_Mum_00342","Heidrick and Struggles (I) Pvt Ltd","H&S","Maharashtra","","","","Mumbai, Maharashtra, India","","","Active"
"343","Gurgaon","Si_Gur_00343","Heidrick and Struggles (I) Pvt Ltd","H&S","Haryana","","","","Gurugram, Haryana, India","","","Active"
"344","Bangalore","Si_Ban_00344","Heidrick and Struggles (I) Pvt Ltd","H&S","Karnataka","","","","Bengaluru, Karnataka, India","","","Active"
"258","Chandigarh","Si_Cha_00258","IDP Education India Pvt. Ltd.","IDP","Chandigarh","Chandigarh","","","Chandigarh, India","","","Active"
"259","Ludhiana","Si_Lud_00259","IDP Education India Pvt. Ltd.","IDP","Punjab","Ludhiana","","","","","","Active"
"260","Amritsar","Si_Amr_00260","IDP Education India Pvt. Ltd.","IDP","Punjab","Amritsar","","","AMRITSAR, PUNJAB","","","Active"
"261","Jallandher","Si_Jal_00261","IDP Education India Pvt. Ltd.","IDP","Punjab","","","","","","","Active"
"262","Hyderabad","Si_Hyd_00262","IDP Education India Pvt. Ltd.","IDP","Telangana","","","","","","","Active"
"263","Vishakhapatnam","Si_Vis_00263","IDP Education India Pvt. Ltd.","IDP","Andhra Pradesh","","","","","","","Active"
"264","Vijayawada","Si_Vij_00264","IDP Education India Pvt. Ltd.","IDP","Andhra Pradesh","","","","","","","Active"
"265","Chennai","Si_Che_00265","IDP Education India Pvt. Ltd.","IDP","TamilNadu","Chennai","","","","","","Active"
"266","Coimbatore","Si_Coi_00266","IDP Education India Pvt. Ltd.","IDP","TamilNadu","Coimbatore","","","","","","Active"
"267","Bangalore","Si_Ban_00267","IDP Education India Pvt. Ltd.","IDP","Karnataka","Bengaluru","","","","","","Active"
"268","Cochin","Si_Coc_00268","IDP Education India Pvt. Ltd.","IDP","Kerala","Kochi","","","","","","Active"
"269","Pune","Si_Pun_00269","IDP Education India Pvt. Ltd.","IDP","Maharashtra","","","","","","","Active"
"270","Mumbai Andheri","Si_Mum_00270","IDP Education India Pvt. Ltd.","IDP","Maharashtra","Mumbai","","","","","","Active"
"271","Mumbai Churchgate","Si_Mum_00271","IDP Education India Pvt. Ltd.","IDP","Maharashtra","","","","","","","Active"
"272","Thane","Si_Tha_00272","IDP Education India Pvt. Ltd.","IDP","Maharashtra","","","","","","","Active"
"273","Ahmedabad","Si_Ahm_00273","IDP Education India Pvt. Ltd.","IDP","Gujarat","Ahmedabad","","","Ahmedabad, Gujarat, India","","","Active"
"274","Vadodara","Si_Vad_00274","IDP Education India Pvt. Ltd.","IDP","Gujarat","","","","","","","Active"
"275","Kolkata","Si_Kol_00275","IDP Education India Pvt. Ltd.","IDP","West Bengal","Kolkata","","","","","","Active"
"276","Gurgaon 61","Si_Gur_00276","IDP Education India Pvt. Ltd.","IDP","Haryana","Gurgaon","","","","","","Active"
"277","Gurgaon 32 5th Floor","Si_Gur_00277","IDP Education India Pvt. Ltd.","IDP","Haryana","Gurgaon","","","","","","Active"
"278","Gurgaon 32 6th Floor","Si_Gur_00278","IDP Education India Pvt. Ltd.","IDP","Haryana","Gurgaon","","","","","","Active"
"279","New Delhi Nehru Place","Si_New_00279","IDP Education India Pvt. Ltd.","IDP","Delhi","","","","","","","Active"
"280","New Delhi Rajouri Garden","Si_New_00280","IDP Education India Pvt. Ltd.","IDP","Delhi","","","","","","","Active"
"383","Gurgaon","Si_Gur_00383","IHG IT Services India (P) Ltd.","IHG","Haryana","","","","Gurugram, Haryana, India","","","Active"
"281","Delhi Okhla","Si_Del_00281","Lenskart Solutions Pvt. Ltd.","Lenskart","Delhi","","","","Okhla, New Delhi, Delhi, India","","","Active"
"282","Faridaba 6th Floor","Si_Far_00282","Lenskart Solutions Pvt. Ltd.","Lenskart","Haryana","Faridabad","","","Faridabad, Haryana, India","","","Active"
"283","Faridaba 7th Floor","Si_Far_00283","Lenskart Solutions Pvt. Ltd.","Lenskart","Haryana","Faridabad","","","Faridabad, Haryana, India","","","Active"
"284","Mumbai Chintamani Plaza","Si_Mum_00284","Lenskart Solutions Pvt. Ltd.","Lenskart","Maharashtra","","","","Andheri '- Kurla Rd, Mota Nagar, Andheri East, Mumbai, Maharashtra 400053, India","","","Active"
"285","Bangalore Accord Road","Si_Ban_00285","Lenskart Solutions Pvt. Ltd.","Lenskart","Karnataka","","","","Accord Road, K.R.Colony, Krishna Reddy Layout, Domlur, Bengaluru, Karnataka 560071, India","","","Active"
"286","Bangalore Indranagar","Si_Ban_00286","Lenskart Solutions Pvt. Ltd.","Lenskart","Karnataka","Bengaluru","","","Indiranagar, Bengaluru, Karnataka, India","","","Active"
"423","103 '- Navi Mumbai","Si_103_00423","Locon Solutions Pvt. Ltd.","Prop Tiger","Maharashtra","Mumbai","Komal","","Navi Mumbai, Maharashtra, India","","","IN Active"
"424","Supreme Business Park '- Mumbai","Si_Sup_00424","Locon Solutions Pvt. Ltd.","Prop Tiger","Maharashtra","Mumbai","Komal","","Supreme Business Park, Kensington Rear Exit Road, Hiranandani Gardens, Powai, Mumbai, Maharashtra 400076, India","","","IN Active"
"425","902 '- Navi Mumbai","Si_902_00425","Locon Solutions Pvt. Ltd.","Prop Tiger","Maharashtra","Mumbai","Komal","","Navi Mumbai, Maharashtra, India","","","IN Active"
"426","Centrum Plaza '- Gurgaon","Si_Cen_00426","Locon Solutions Pvt. Ltd.","Prop Tiger","Haryana","Gurgaon","Komal","","DLF Golf Course Road, Sector 53, IILM Institute, Sector 53, Gurugram, Haryana 122003, India","","","IN Active"
"427","Hyderabad Old","Si_Hyd_00427","Locon Solutions Pvt. Ltd.","Prop Tiger","Telangana","Hyderabad","Komal","","Hyderabad, Telangana, India","","","IN Active"
"428","Noida old","Si_Noi_00428","Locon Solutions Pvt. Ltd.","Prop Tiger","Uttar Pradesh","Noida","Komal","","Noida, Uttar Pradesh, India","","","IN Active"
"429","Novel Business Park '- Bangalore","Si_Nov_00429","Locon Solutions Pvt. Ltd.","Prop Tiger","Karnataka","Bengaluru","Komal","","560030, 57, 13th Cross Rd, Maruti Nagar, 1st Stage, Neelasandra, Bengaluru, Karnataka 560068, India","","","IN Active"
"430","201 '- Okhla","Si_201_00430","Locon Solutions Pvt. Ltd.","Prop Tiger","Delhi","New Delhi","Komal","","Okhla, New Delhi, Delhi, India","","","IN Active"
"431","Salarpuria Business Centre '- Bangalore","Si_Sal_00431","Locon Solutions Pvt. Ltd.","Prop Tiger","Karnataka","Bengaluru","Komal","","","","","IN Active"
"432","Saltlake '- Kolkata","Si_Sal_00432","Locon Solutions Pvt. Ltd.","Prop Tiger","West Bengal","Kolkata","Komal","","","","","IN Active"
"433","IIT BPMBAY '- Mumbai","Si_IIT_00433","Locon Solutions Pvt. Ltd.","Prop Tiger","Maharashtra","Mumbai","Komal","","Powai, Mumbai, Maharashtra, India","","","Active"
"434","Sec 39 '- Gurgaon","Si_Sec_00434","Locon Solutions Pvt. Ltd.","Prop Tiger","Haryana","Gurgaon","Komal","","","","","IN Active"
"435","Varanasi","Si_Var_00435","Locon Solutions Pvt. Ltd.","Prop Tiger","Uttar Pradesh","Varanasi","Komal","","","","","IN Active"
"436","Vijayawada","Si_Vij_00436","Locon Solutions Pvt. Ltd.","Prop Tiger","Andhra Pradesh","Vijayawada","Komal","","","","","IN Active"
"437","Vadodara","Si_Vad_00437","Locon Solutions Pvt. Ltd.","Prop Tiger","Gujarat","Vadodara","Komal","","","","","IN Active"
"442","Gurgaon","Si_Gur_00442","Locon Solutions Pvt. Ltd.","Prop Tiger","Haryana","Gurgaon","Komal","","Gurugram, Haryana, India","","","Active"
"443","Hyderabad","Si_Hyd_00443","Locon Solutions Pvt. Ltd.","Prop Tiger","Telangana","Hyderabad","Komal","","Hyderabad, Telangana, India","","","Active"
"444","Bangalore","Si_Ban_00444","Locon Solutions Pvt. Ltd.","Prop Tiger","Karnataka","Bengaluru","Komal","","Bengaluru, Karnataka, India","","","Active"
"445","Chennai","Si_Che_00445","Locon Solutions Pvt. Ltd.","Prop Tiger","TamilNadu","Chennai","Komal","","Chennai, Tamil Nadu, India","","","Active"
"446","Noida","Si_Noi_00446","Locon Solutions Pvt. Ltd.","Prop Tiger","Uttar Pradesh","Noida","Komal","","Noida, Uttar Pradesh, India","","","Active"
"447","Kolkata","Si_Kol_00447","Locon Solutions Pvt. Ltd.","Prop Tiger","West Bengal","Kolkata","Komal","","Kolkata, West Bengal, India","","","Active"
"374","Wood Street '- Kolkata","Si_Woo_00374","Locon Solutions Pvt. Ltd.","Prop Tiger","West Bengal","Kolkata","","","","","","IN Active"
"375","303 Supreme Park '- Mumbai","Si_303_00375","Locon Solutions Pvt. Ltd.","Prop Tiger","Maharashtra","Mumbai","","","Supreme Business Park,7th floor, Wing B, Behind Lake Castle Building, Hiranandani Gardens, Powai, Hiranandani Gardens, Powai, Mumbai, Maharashtra 400076, India","","","Active"
"376","Kalyani Nagar '- Pune","Si_Kal_00376","Locon Solutions Pvt. Ltd.","Prop Tiger","Maharashtra","Pune","","","Cerebrum IT Park, Marigold complex, Kalyani Nagar, Pune, Maharashtra 411014, India","","","Active"
"377","Janakpuri '- Delhi","Si_Jan_00377","Locon Solutions Pvt. Ltd.","Prop Tiger","Delhi","New Delhi","","","Block B1, Janakpuri, New Delhi, Delhi, India","","","IN Active"
"378","Bhavani Powai '- Mumbai","Si_Bha_00378","Locon Solutions Pvt. Ltd.","Prop Tiger","Maharashtra","","","","Powai, Mumbai, Maharashtra, India","","","IN Active"
"379","Hiranandani Gardens Powai '- Mumbai","Si_Hir_00379","Locon Solutions Pvt. Ltd.","Prop Tiger","Maharashtra","","","","Hiranandani Gardens, Powai, Mumbai, Maharashtra 400076, India","","","IN Active"
"380","Millenium Business Park '- Mumbai","Si_Mil_00380","Locon Solutions Pvt. Ltd.","Prop Tiger","Maharashtra","Mumbai","","","LOCON, MILLENIUM BUSINESS PARK, MUMBAI","","","IN Active"
"381","Mira Road '- Mumbai","Si_Mir_00381","Locon Solutions Pvt. Ltd.","Prop Tiger","Maharashtra","Mumbai","","","Mira Road East, Mira Bhayandar, Maharashtra, India","","","Active"
"382","Okhla '- Delhi","Si_Okh_00382","Locon Solutions Pvt. Ltd.","Prop Tiger","Delhi","New Delhi","","","OKHLA INDUSTRIAL AREA PHASE 3, NEW DELHI","","","IN Active"
"248","Chennai","Si_Che_00248","M/s. Carzonrent India Pvt. Ltd.","Carzonrent India","TamilNadu","","","","","","","Active"
"249","Pune","Si_Pun_00249","M/s. Carzonrent India Pvt. Ltd.","Carzonrent India","Maharashtra","","","","","","","Active"
"250","Ahmedabad","Si_Ahm_00250","M/s. Carzonrent India Pvt. Ltd.","Carzonrent India","Gujarat","","","","Ahmedabad, Gujarat, India","","","Active"
"251","Mumbai","Si_Mum_00251","M/s. Carzonrent India Pvt. Ltd.","Carzonrent India","Maharashtra","","","","","","","Active"
"252","Kolkata","Si_Kol_00252","M/s. Carzonrent India Pvt. Ltd.","Carzonrent India","West Bengal","","","","","","","Active"
"253","Bangalore","Si_Ban_00253","M/s. Carzonrent India Pvt. Ltd.","Carzonrent India","Karnataka","","","","","","","Active"
"254","Hyderabad","Si_Hyd_00254","M/s. Carzonrent India Pvt. Ltd.","Carzonrent India","Telangana","","","","","","","Active"
"255","Delhi Jhandewalan","Si_Del_00255","M/s. Carzonrent India Pvt. Ltd.","Carzonrent India","Delhi","New Delhi","","","Jhandewalan, New Delhi, Delhi, India","","","Active"
"256","Delhi Okhla","Si_Del_00256","M/s. Carzonrent India Pvt. Ltd.","Carzonrent India","Delhi","","","","","","","Active"
"257","Delhi Rangpuri","Si_Del_00257","M/s. Carzonrent India Pvt. Ltd.","Carzonrent India","Delhi","New Delhi","","","","","","Active"
"287","New Delhi","Si_New_00287","Macmillan Publishers  India Pvt. Ltd.","IDP","Delhi","","","","","","","Active"
"288","Chandigarh","Si_Cha_00288","Macmillan Publishers  India Pvt. Ltd.","IDP","Chandigarh","","","","","","","Active"
"289","Noida sector 2","Si_Noi_00289","Macmillan Publishers  India Pvt. Ltd.","IDP","Uttar Pradesh","","","","","","","Active"
"290","Sahibabad","Si_Sah_00290","Macmillan Publishers  India Pvt. Ltd.","IDP","Uttar Pradesh","","","","","","","Active"
"291","Lucknow","Si_Luc_00291","Macmillan Publishers  India Pvt. Ltd.","IDP","Uttar Pradesh","","","","","","","Active"
"292","Jaipur","Si_Jai_00292","Macmillan Publishers  India Pvt. Ltd.","IDP","Rajasthan","","","","","","","Active"
"293","Kolkata Camac Street","Si_Kol_00293","Macmillan Publishers  India Pvt. Ltd.","IDP","West Bengal","","","","","","","Active"
"294","Kolkata BT Road","Si_Kol_00294","Macmillan Publishers  India Pvt. Ltd.","IDP","West Bengal","","","","","","","Active"
"295","Cuttack","Si_Cut_00295","Macmillan Publishers  India Pvt. Ltd.","IDP","Orissa","","","","","","","Active"
"296","Patna","Si_Pat_00296","Macmillan Publishers  India Pvt. Ltd.","IDP","Bihar","","","","","","","Active"
"297","Guwahati","Si_Guw_00297","Macmillan Publishers  India Pvt. Ltd.","IDP","Assam","","","","","","","Active"
"298","Mumbai Reay Road","Si_Mum_00298","Macmillan Publishers  India Pvt. Ltd.","IDP","Maharashtra","","","","","","","Active"
"299","Mumbai Andheri East","Si_Mum_00299","Macmillan Publishers  India Pvt. Ltd.","IDP","Maharashtra","","","","","","","Active"
"300","Pune","Si_Pun_00300","Macmillan Publishers  India Pvt. Ltd.","IDP","Maharashtra","","","","","","","Active"
"301","Nagpur","Si_Nag_00301","Macmillan Publishers  India Pvt. Ltd.","IDP","Maharashtra","","","","","","","Active"
"302","Ahmedabad","Si_Ahm_00302","Macmillan Publishers  India Pvt. Ltd.","IDP","Gujarat","","","","","","","Active"
"303","Bhopal","Si_Bho_00303","Macmillan Publishers  India Pvt. Ltd.","IDP","Madhya Pradesh","","","","","","","Active"
"304","Chennai Patullos Road","Si_Che_00304","Macmillan Publishers  India Pvt. Ltd.","IDP","TamilNadu","","","","","","","Active"
"305","Chennai Ambattur","Si_Che_00305","Macmillan Publishers  India Pvt. Ltd.","IDP","TamilNadu","","","","","","","Active"
"306","Coimbatore","Si_Coi_00306","Macmillan Publishers  India Pvt. Ltd.","IDP","TamilNadu","","","","","","","Active"
"307","Madurai","Si_Mad_00307","Macmillan Publishers  India Pvt. Ltd.","IDP","TamilNadu","","","","","","","Active"
"308","Thiruvananthapuram","Si_Thi_00308","Macmillan Publishers  India Pvt. Ltd.","IDP","Kerala","","","","","","","Active"
"309","Visakhapatnam","Si_Vis_00309","Macmillan Publishers  India Pvt. Ltd.","IDP","Andhra Pradesh","","","","","","","Active"
"310","Hyderabad","Si_Hyd_00310","Macmillan Publishers  India Pvt. Ltd.","IDP","Telangana","","","","","","","Active"
"311","Bangalore","Si_Ban_00311","Macmillan Publishers  India Pvt. Ltd.","IDP","Karnataka","","","","","","","Active"
"407","Sec 32 Gurgaon","Si_Sec_00407","Makaan.Com Pvt. Ltd.","Prop Tiger","Haryana","Gurgaon","Komal","","Sector 32, Gurugram, Haryana 122022, India","","","Active"
"408","Andheri '- Mumbai","Si_And_00408","Makaan.Com Pvt. Ltd.","Prop Tiger","Maharashtra","Mumbai","Komal","","Andheri East, Mumbai, Maharashtra, India","","","Active"
"440","Richmond","Si_Ric_00440","Mentor Graphics India Pvt. Ltd.","Mentor Graphics Group","Karnataka","Bengaluru","Umesh","","","","","Active"
"441","WhiteField","Si_Whi_00441","Mentor Graphics India Pvt. Ltd.","Mentor Graphics Group","Karnataka","Bengaluru","Umesh","","","","","Active"
"242","Mahadevapura","Si_Mah_00242","Mentor Graphics India Pvt. Ltd.","Mentor Graphics Group","Karnataka","","Nidhi Saxena","9560888537","Whitefield Road, Mahadevapura, ITPL road, Brigade Metropolis, Garudachar Palya, Mahadevapura, Bengaluru, Karnataka 560048, India","","","Active"
"243","Kolkata","Si_Kol_00243","Mentor Graphics India Pvt. Ltd.","Mentor Graphics Group","West Bengal","","Nidhi Saxena","9560888537","Module No. 112 Ground Floor  SDF Building Block EP & GP Sector'- V Saltlake Kolkata'- 700091 West Bengal","","","Active"
"244","Noida Sec 127","Si_Noi_00244","Mentor Graphics India Pvt. Ltd.","Mentor Graphics Group","Uttar Pradesh","","Nidhi Saxena","9560888537","Sector 127, Noida, Uttar Pradesh 201313, India","","","Active"
"245","Noida Sec 126","Si_Noi_00245","Mentor Graphics India Pvt. Ltd.","Mentor Graphics Group","Uttar Pradesh","","Nidhi Saxena","9560888537","IGL Building  Sector 126 Noida  Uttar Pradesh 201301","","","Active"
"246","Hyderabad","Si_Hyd_00246","Mentor Graphics India Pvt. Ltd.","Mentor Graphics Group","Telangana","","Nidhi Saxena","9560888537","6'-3'-552  Sri Ram Tower Somajiguda Hyderabad '- Andhra Pradesh '- 500082","","","Active"
"241","Bengaluru","Si_Ben_00241","Mentor Graphics Sales & Services Pvt. Ltd.","Mentor Graphics Group","Karnataka","","Nidhi Saxena","9560888537","RMZ Ecoworld  Sarjapur'-Marathalli Outer Ring Road Devarabeesanahalli Bangalore  Karnataka 560103","","","Active"
"9","Naraina","Si_Nar_00009","Micromax Informatics Limited","MicroMax","Delhi","","","","Naraina, New Delhi, Delhi, India","","","Active"
"10","Mayapuri","Si_May_00010","Micromax Informatics Limited","MicroMax","Delhi","","","","Mayapuri, New Delhi, Delhi, India","","","Active"
"11","Mumbai","Si_Mum_00011","Micromax Informatics Limited","MicroMax","Maharashtra","","","","Mumbai, Maharashtra, India","","","Active"
"12","Bangaluru","Si_Ban_00012","Micromax Informatics Limited","MicroMax","Karnataka","","","","Bengaluru, Karnataka, India","","","Active"
"13","Chennai","Si_Che_00013","Micromax Informatics Limited","MicroMax","TamilNadu","","","","Chennai, Tamil Nadu, India","","","Active"
"14","90B Gurgaon","Si_90B_00014","Micromax Informatics Limited","MicroMax","Haryana","","","","Gurugram, Haryana, India","","","Active"
"15","B34 Gurgaon","Si_B34_00015","Micromax Informatics Limited","MicroMax","Haryana","","","","Gurugram, Haryana, India","","","Active"
"16","Kolkata","Si_Kol_00016","Micromax Informatics Limited","MicroMax","West Bengal","","","","Kolkata, West Bengal, India","","","Active"
"345","Mumbai","Si_Mum_00345","Mindray Medical India Pvt Ltd","Mindray","Maharashtra","","","","","","","Active"
"346","Gurgaon","Si_Gur_00346","Mindray Medical India Pvt Ltd","Mindray","Haryana","","","","","","","Active"
"347","Chennai","Si_Che_00347","Mindray Medical India Pvt Ltd","Mindray","TamilNadu","","","","","","","Active"
"348","Kolkata","Si_Kol_00348","Mindray Medical India Pvt Ltd","Mindray","West Bengal","","","","","","","Active"
"409","Noida","Si_Noi_00409","Proptiger Realty Pvt Ltd.","Prop Tiger","Uttar Pradesh","Noida","Komal","","Noida, Uttar Pradesh, India","","","IN Active"
"410","Gurgaon","Si_Gur_00410","Proptiger Realty Pvt Ltd.","Prop Tiger","Haryana","Gurgaon","Komal","","Gurugram, Haryana, India","","","Active"
"411","Ahmedabad","Si_Ahm_00411","Proptiger Realty Pvt Ltd.","Prop Tiger","Gujarat","Ahmedabad","Komal","","Ahmedabad, Gujarat, India","","","IN Active"
"412","Kolkata","Si_Kol_00412","Proptiger Realty Pvt Ltd.","Prop Tiger","West Bengal","Kolkata","Komal","","Kolkata, West Bengal, India","","","IN Active"
"438","Pune","Si_Pun_00438","Realty Business Intelligene Pvt Ltd","Prop Tiger","Maharashtra","Pune","Komal","","Pune, Maharashtra, India","","","Active"
"439","New Delhi","Si_New_00439","Realty Business Intelligene Pvt Ltd","Prop Tiger","Delhi","New Delhi","Komal","","New Delhi, Delhi, India","","","Active"
"406","Chennai","Si_Che_00406","Test Company","CAIRN","TamilNadu","Chennai","","","Chennai, Tamil Nadu, India","","","Active"
"22","GURGAON CORPORATE OFFICE","Si_GUR_00022","Test Company","CAIRN","Haryana","","","","DLF Atria, Gulmohar Marg, DLF Phase 2, Sector 25, Gurugram, Haryana 122002, India","maker","checker","Active"
"23","JAMNAGAR","Si_JAM_00023","Test Company","CAIRN","Gujarat","","","","3rd Floor, Silver Plaza, 7, Street Number 7, Patel Colony, Jamnagar, Gujarat 361008, India","maker","checker","Active"
"24","JAIPUR","Si_JAI_00024","Test Company","CAIRN","Rajasthan","","","","430, SMS Rooms and Convention Center, Tonk Road, Rambagh, Jaipur, Rajasthan 302052, India","maker","checker","Active"
"312","ABD","Si_ABD_00312","Test Company","CAIRN","Haryana","","","","Udyog Vihar Phase IV, Sector 18, Gurugram, Haryana 122022, India","","","Active"
